{
  "train_loss": [
    0.03402994037605822,
    0.032490507885813716,
    0.03080923920497298,
    0.03095820201560855,
    0.029026791406795382,
    0.02945527355186641,
    0.030140682030469178,
    0.029931989358738066,
    0.030516871670261025,
    0.030369410198181866,
    0.02998452731408179,
    0.03164536100812256,
    0.030245758779346942,
    0.03105986616574228,
    0.030081535037606955
  ],
  "valid_loss": [
    0.03122654967010021,
    0.03103516511619091,
    0.028186655789613723,
    0.030552557110786437,
    0.029583342373371124,
    0.02883184887468815,
    0.0301788080483675,
    0.030247727409005165,
    0.030091209337115288,
    0.028079050406813622,
    0.03094480261206627,
    0.030412815883755683,
    0.027382408455014228,
    0.0277540173381567,
    0.029915957152843474
  ],
  "valid_psnr": [
    28.331844997406005,
    28.575862998962403,
    29.22457176208496,
    29.113358402252196,
    28.833659095764162,
    29.377842445373535,
    28.837256441116335,
    28.49210220336914,
    29.051751842498778,
    29.68030994415283,
    28.536063385009765,
    29.081783351898192,
    29.248331241607666,
    30.052355766296387,
    29.18069917678833
  ]
}